dominador;Dominador_01;Admin;Dominador Jr.;Garcia;Dano;1
dhannica;Dhannica_01;Employee;Dhannica Shelly;Cantiga;Ganibe;1
aliza;Aliza_01;Employee;Aliza;Middle Name;Middle Name;1
harlene;Harlene_01;Employee;Harlene Mae;Gallego;Gallego;1
